"","Nº Processo","Apelido","Classificação","Status","Classe do Processo","Data Inicial","Recebimento, triagem e conclusão do processo","Despacho para notificação do Requerido","Expedição de notificação","Cumprimento da notificação","Oferecimento de manifestação por escrito","Decisão rejeição da ação ou recebimento pet. inicial","Expedição de intimação e/ou citação","Cumprimento da intimação e/ou citação","Contestação e/ou agravo de instrumento","Ato ordinatório (Réplica)","Expedição de intimação","Cumprimento da intimação","Réplica","Ato ordinatório (Provas)","Expedição de intimação (Requerente)","Cumprimento  da intimação","Provas","Expedição de intimação (Requerido)","Cumprimento da intimação","Provas","Decisão saneamento","Expedição de intimação (Requerente)","Cumprimento da intimação","Pedido de esclarecimento ou solicitação de ajustes","Expedição de intimação (Requerido)","Cumprimento da intimação","Pedido de esclarecimento ou solicitação de ajustes","Prova pericial","Prova oral (audiência de instrução e julgamento)","Ato ordinário (Alegações finais)","Expedição de intimação (Requerente)","Cumprimento da intimação","Alegações finais","Expedição de intimação (Requerido)","Cumprimento da intimação","Alegações finais","Recebimento e conclusão do processo","Sentença"
"1","123XXX","Apelido1","Aberto","Atrasado","Busca e Apreensão","2019-10-16",1,1,1,3,15,30,1,3,15,1,1,5,15,1,1,5,5,1,5,5,10,1,5,5,1,5,5,90,60,1,1,5,15,1,5,15,1,60
"2","124XXX","Apelido2","Aberto","Atrasado","Busca e Apreensão","2020-03-11",0,0.1,3,5,12,26,3,4,13,4,3,3,18,4,4,5,8,1,6,10,15,4,8,9,5,10,6,110,67,2,1,5,20,3,4,12,4,52
"3","126XXX","Apelido4","Aberto","Atrasado","Busca e Apreensão","2020-04-14",4,2,3,7,16,27,4,4,12,1,2,6,14,3,4,6,3,4,10,3,13,3,6,5,4,4,3,94,70,0.1,4,6,15,3,8,20,5,52
"4","127XXX","Apelido5","Aberto","Atrasado","Busca e Apreensão","2019-04-22",2,3,2,7,19,40,3,7,19,2,4,5,12,3,3,6,6,2,5,7,10,4,5,8,0.1,4,3,113,59,0.1,5,8,12,2,5,18,2,55
"5","128XXX","Apelido6","Aberto","Atrasado","Busca e Apreensão","2019-07-21",1,5,0.1,2,20,39,2,3,17,2,1,6,16,5,1,9,4,1,7,8,12,5,9,4,2,9,7,85,68,2,1,8,13,4,4,13,2,66
"6","129XXX","Apelido7","Aberto","Atrasado","Busca e Apreensão","2019-04-06",1,1,5,2,17,37,33,0,0,0,0,0,0,0,0,0,0,0,0,0,0,0,0,0,0,0,0,0,0,0,0,0,0,0,0,0,0,0
"7","130XXX","Apelido8","Aberto","Atrasado","Busca e Apreensão","2019-07-28",5,0.1,1,5,12,35,0.1,5,20,3,1,5,20,4,3,10,8,2,3,7,12,4,5,7,2,8,4,111,69,2,3,7,20,1,3,18,5,51
"8","131XXX","Apelido9","Aberto","Atrasado","Busca e Apreensão","2020-01-27",3,2,3,2,14,32,1,5,17,4,3,3,11,2,2,6,4,4,6,5,8,3,10,10,5,7,3,115,57,5,5,10,12,2,7,17,4,52
"9","132XXX","Apelido10","Aberto","Atrasado","Busca e Apreensão","2019-06-18",1,2,5,2,18,33,5,7,17,4,5,8,15,2,1,3,9,2,10,7,12,3,4,9,3,3,4,112,62,5,0.1,8,19,2,5,14,0.1,69
"10","133XXX","Apelido11","Aberto","Atrasado","Busca e Apreensão","2019-03-21",2,2,3,3,18,28,3,5,19,4,3,9,18,1,5,8,3,4,9,10,13,0.1,4,7,5,6,7,87,70,5,3,7,16,0.1,7,18,2,61
"11","134XXX","Apelido12","Aberto","Atrasado","Busca e Apreensão","2020-03-21",5,0.1,2,4,20,39,0.1,4,17,4,5,9,15,4,2,9,3,5,5,5,11,0.1,10,7,3,5,8,94,66,3,0.1,9,16,3,8,20,2,52
"12","135XXX","Apelido13","Aberto","Atrasado","Busca e Apreensão","2019-01-15",0,1,5,3,16,25,0.1,6,17,1,2,4,10,4,0.1,10,9,2,6,4,9,2,9,10,3,4,6,110,62,0.1,5,3,10,5,4,15,3,57
"13","136XXX","Apelido14","Aberto","Atrasado","Busca e Apreensão","2019-11-23",0,3,5,3,11,31,4,4,12,2,5,3,14,0.1,4,8,7,1,8,4,13,1,5,7,4,5,9,89,58,3,1,10,17,5,8,10,2,69
"14","137XXX","Apelido15","Aberto","Atrasado","Busca e Apreensão","2019-11-09",2,4,0.1,5,17,26,5,6,20,4,5,4,16,4,0.1,10,5,3,9,5,13,1,9,8,2,6,6,110,63,2,3,6,18,5,4,16,4,60
"15","138XXX","Apelido16","Aberto","Atrasado","Busca e Apreensão","2020-01-28",0,3,2,3,15,31,4,7,19,3,4,8,13,0.1,0.1,4,4,1,4,6,11,4,5,4,3,5,8,116,67,2,5,4,11,2,9,18,0.1,56
"16","139XXX","Apelido17","Aberto","Atrasado","Busca e Apreensão","2020-02-24",1,2,3,4,14,26,0.1,7,15,5,4,8,10,1,3,8,8,5,8,5,13,0.1,3,9,3,4,8,85,57,3,1,9,20,3,7,12,3,58
"17","140XXX","Apelido18","Aberto","Atrasado","Busca e Apreensão","2019-08-15",3,4,0.1,6,19,34,3,5,18,1,1,10,14,3,0.1,10,8,3,8,8,15,4,8,8,3,7,7,84,67,0.1,4,7,19,2,3,16,4,52
"18","141XXX","Apelido19","Aberto","Atrasado","Busca e Apreensão","2019-01-04",4,5,5,6,12,39,5,6,14,4,4,8,15,2,2,5,7,3,6,5,13,5,9,4,0.1,5,5,89,55,0.1,2,3,19,2,6,19,0.1,52
"19","142XXX","Apelido20","Aberto","Atrasado","Busca e Apreensão","2019-03-10",1,2,0.1,4,10,40,0.1,7,19,4,5,5,10,5,0.1,5,9,4,8,9,10,5,3,6,4,10,10,95,69,3,3,9,18,1,4,11,5,67
"20","143XXX","Apelido21","Aberto","Atrasado","Busca e Apreensão","2019-07-09",3,0.1,4,7,20,35,1,3,12,1,5,6,17,2,4,4,7,5,6,6,15,2,3,6,3,3,8,84,55,1,5,5,17,1,6,12,1,59
"21","144XXX","Apelido22","Aberto","Atrasado","Busca e Apreensão","2019-05-08",4,5,0.1,4,10,34,4,4,20,2,4,3,19,3,5,7,3,2,6,9,8,5,4,5,3,10,3,108,59,3,2,9,13,5,8,10,3,52
"22","145XXX","Apelido23","Aberto","Atrasado","Busca e Apreensão","2019-08-16",0,5,5,4,16,30,0.1,2,19,3,1,10,18,1,0.1,6,6,4,5,7,9,3,3,4,3,7,8,89,66,0.1,2,7,15,2,3,16,0.1,56
"23","146XXX","Apelido24","Aberto","Atrasado","Busca e Apreensão","2019-11-19",1,0.1,2,3,10,35,1,5,11,4,4,10,17,1,1,6,8,4,3,9,8,1,3,9,3,5,4,115,59,5,5,3,17,5,8,15,0.1,52
"24","147XXX","Apelido25","Aberto","Atrasado","Busca e Apreensão","2020-01-31",2,5,2,5,12,27,4,6,11,4,4,10,12,5,1,4,5,5,3,9,11,0.1,3,4,1,9,9,94,65,3,4,7,16,2,7,11,3,52
"25","148XXX","Apelido26","Aberto","Atrasado","Busca e Apreensão","2019-10-24",3,1,2,7,13,25,5,4,13,2,3,8,13,4,0.1,4,5,3,9,3,9,0.1,5,9,5,10,3,111,68,1,4,5,19,2,10,20,4,62
"26","149XXX","Apelido27","Aberto","Atrasado","Busca e Apreensão","2020-03-10",5,4,2,7,19,37,0.1,5,12,3,2,3,20,2,3,6,10,0.1,10,3,12,2,4,6,3,10,4,95,67,5,3,5,19,1,3,12,5,69
"27","150XXX","Apelido28","Aberto","Atrasado","Busca e Apreensão","2020-03-10",3,2,2,5,19,31,5,3,18,3,3,3,19,1,2,8,10,3,5,3,11,2,3,6,2,9,10,93,66,5,5,7,18,3,7,18,4,52
"28","151XXX","Apelido29","Aberto","Atrasado","Busca e Apreensão","2019-11-10",3,3,1,5,20,37,3,6,14,5,2,4,10,5,5,6,10,0.1,3,9,14,5,6,3,2,4,4,115,59,0.1,0.1,3,13,4,5,11,4,65
"29","162XXX","Apelido40","Aberto","Atrasado","Busca e Apreensão","2019-05-03",0,2,2,7,12,26,5,4,10,1,3,3,20,5,0.1,6,5,1,6,5,11,0.1,9,6,1,10,6,103,58,5,5,9,10,5,5,10,1,52
"30","163XXX","Apelido41","Encerrado","Atrasado","Busca e Apreensão","2019-10-11",3,0.1,1,2,17,32,2,6,11,4,2,5,20,1,0.1,6,6,2,8,7,9,3,9,9,1,9,4,83,64,3,1,7,20,5,5,12,5,40
"31","164XXX","Apelido42","Encerrado","Atrasado","Busca e Apreensão","2019-06-28",4,2,3,2,13,27,3,6,15,3,1,3,20,2,3,5,6,2,9,5,9,5,3,8,4,7,7,111,60,2,4,3,18,2,3,11,3,33
"32","165XXX","Apelido43","Encerrado","Ok","Busca e Apreensão","2019-08-10",5,5,1,3,14,33,1,2,12,3,5,6,12,5,1,8,9,5,3,9,8,2,3,10,3,7,5,104,59,4,1,3,17,2,3,19,0.1,22
"33","166XXX","Apelido44","Encerrado","Ok","Busca e Apreensão","2019-09-18",5,3,1,6,18,38,0,0,0,0,0,0,0,0,0,0,0,0,0,0,0,0,0,0,0,0,0,0,0,0,0,0,0,0,0,0,0,0
"34","167XXX","Apelido45","Encerrado","Atrasado","Busca e Apreensão","2019-02-18",0,5,4,4,15,27,5,6,11,5,5,4,15,4,1,7,7,3,4,3,14,5,7,4,3,3,5,93,62,1,0.1,10,16,5,5,13,5,35
"35","168XXX","Apelido46","Encerrado","Ok","Busca e Apreensão","2019-04-24",2,3,5,5,12,33,3,7,19,4,2,8,10,4,4,7,3,4,5,9,13,3,5,5,4,5,10,82,65,2,4,9,10,1,7,20,2,22
"36","169XXX","Apelido47","Encerrado","Ok","Busca e Apreensão","2019-03-13",2,0.1,2,7,10,38,1,5,17,3,1,6,14,2,5,8,5,5,4,9,9,3,6,3,3,8,10,98,57,4,2,10,12,2,8,17,0.1,22
"37","170XXX","Apelido48","Encerrado","Alerta","Busca e Apreensão","2019-01-18",3,2,0.1,5,14,40,5,5,11,3,3,5,14,3,1,4,7,0.1,6,8,8,2,7,7,2,10,6,93,69,3,1,4,15,2,6,12,0.1,30
"38","171XXX","Apelido49","Encerrado","Ok","Busca e Apreensão","2019-07-25",2,4,5,4,14,27,0.1,6,10,4,4,5,12,1,2,3,6,4,10,8,13,4,7,8,2,9,6,114,58,1,2,5,20,0.1,10,12,1,22
"39","172XXX","Apelido50","Encerrado","Ok","Busca e Apreensão","2020-03-17",5,3,2,3,11,36,0,0,0,0,0,0,0,0,0,0,0,0,0,0,0,0,0,0,0,0,0,0,0,0,0,0,0,0,0,0,0,0
"40","173XXX","Apelido51","Encerrado","Alerta","Busca e Apreensão","2019-11-01",3,5,0.1,5,17,32,0.1,6,15,1,5,8,17,4,4,10,4,4,6,8,8,3,10,7,1,3,10,113,70,4,2,10,10,5,10,10,5,29
"41","174XXX","Apelido52","Encerrado","Alerta","Busca e Apreensão","2020-03-11",1,1,0.1,5,13,36,1,3,19,3,2,4,10,2,0.1,4,9,0.1,6,8,9,1,3,8,2,5,5,108,61,3,3,9,14,0.1,8,15,2,26
"42","175XXX","Apelido53","Encerrado","Atrasado","Busca e Apreensão","2019-03-09",5,0.1,4,7,20,34,1,6,17,5,4,4,14,3,1,3,10,4,7,7,14,0.1,5,9,3,7,10,89,60,3,0.1,8,15,4,4,14,2,39
"43","176XXX","Apelido54","Encerrado","Ok","Busca e Apreensão","2019-03-17",4,3,3,7,18,26,2,7,20,3,3,7,17,5,1,7,3,0.1,8,9,11,3,5,9,5,5,6,114,57,3,1,6,17,4,4,14,5,22
"44","177XXX","Apelido55","Encerrado","Alerta","Busca e Apreensão","2020-01-28",4,2,3,6,11,32,0.1,2,15,1,3,3,14,1,1,5,10,4,10,10,13,1,9,7,1,4,4,110,56,0.1,5,4,17,2,7,14,2,29
"45","178XXX","Apelido56","Encerrado","Alerta","Busca e Apreensão","2019-04-04",4,2,4,4,16,35,5,5,18,2,2,6,13,5,4,5,4,1,9,3,11,5,9,9,4,9,5,101,58,5,1,4,12,1,8,13,2,30
"46","179XXX","Apelido57","Encerrado","Ok","Busca e Apreensão","2019-06-03",4,0.1,3,3,16,32,3,3,11,4,4,4,11,2,4,3,7,3,10,5,12,3,5,8,5,7,3,102,61,1,4,10,13,3,4,20,3,22
"47","180XXX","Apelido58","Encerrado","Alerta","Busca e Apreensão","2019-03-19",1,4,2,4,18,31,1,4,13,4,4,10,12,3,3,5,8,5,4,10,12,2,5,4,0.1,10,5,93,70,3,2,7,10,0.1,3,15,4,26
"48","181XXX","Apelido59","Encerrado","Ok","Busca e Apreensão","2019-05-26",5,2,0.1,5,17,31,4,5,17,1,4,4,14,2,2,7,9,3,9,5,13,1,8,7,3,4,4,108,64,4,4,10,15,4,6,13,1,22
"49","182XXX","Apelido60","Encerrado","Atrasado","Busca e Apreensão","2019-03-18",2,5,1,3,17,26,5,4,13,5,1,3,18,4,3,3,10,2,8,5,9,0.1,5,10,2,9,8,102,58,5,5,10,12,5,5,19,2,31
"50","183XXX","Apelido61","Aberto","Atrasado","Ação Popular","2019-07-05",1,2,3,3,14,40,2,7,11,5,1,6,18,1,0.1,4,8,3,4,10,13,4,9,5,2,9,10,111,59,5,5,7,18,1,5,10,0.1,55
"51","184XXX","Apelido62","Aberto","Atrasado","Ação Popular","2019-01-02",5,1,1,4,11,33,4,4,13,2,4,7,19,4,2,4,3,4,8,9,15,4,6,4,2,7,5,108,69,0.1,1,8,11,5,8,15,3,52
"52","185XXX","Apelido63","Aberto","Atrasado","Ação Popular","2020-01-17",1,0.1,1,5,12,25,3,6,11,5,4,8,13,4,2,7,10,1,10,3,10,1,4,7,0.1,7,3,91,69,5,2,3,15,1,6,11,0.1,58
"53","186XXX","Apelido64","Aberto","Atrasado","Ação Popular","2019-06-12",4,0.1,0.1,3,10,38,3,5,17,1,4,3,19,2,5,6,6,2,4,7,11,5,5,5,1,9,6,104,56,4,5,4,20,4,10,10,4,67
"54","187XXX","Apelido65","Aberto","Atrasado","Ação Popular","2020-03-12",2,2,0.1,6,18,32,2,7,20,2,3,8,15,4,3,7,4,0.1,5,9,14,1,3,10,1,3,10,92,64,2,3,5,15,1,4,12,2,52
"55","188XXX","Apelido66","Aberto","Atrasado","Ação Popular","2019-11-21",0,2,4,4,12,25,2,2,16,2,3,6,18,2,3,7,10,4,5,3,15,1,8,3,4,6,7,116,67,5,4,5,18,3,7,17,1,56
"56","189XXX","Apelido67","Aberto","Atrasado","Ação Popular","2020-01-19",3,5,3,2,15,36,1,2,13,4,5,5,18,1,3,6,4,3,7,3,11,1,7,5,1,8,10,94,62,0.1,2,10,13,2,4,13,5,52
"57","190XXX","Apelido68","Aberto","Atrasado","Ação Popular","2020-04-04",0,0.1,5,2,16,36,1,4,19,1,5,4,15,4,0.1,10,4,3,6,5,12,5,3,8,4,7,9,86,66,3,4,10,13,2,5,18,1,65
"58","191XXX","Apelido69","Aberto","Atrasado","Ação Popular","2019-02-12",4,5,4,6,19,37,1,4,12,3,5,8,17,1,2,10,7,0.1,8,5,12,1,3,3,4,8,9,94,65,1,3,7,16,1,3,10,5,59
"59","192XXX","Apelido70","Aberto","Atrasado","Ação Popular","2020-02-18",2,1,5,7,11,34,3,6,15,5,1,10,16,5,5,6,7,5,7,4,15,2,3,3,3,5,10,93,66,5,1,4,19,1,3,16,2,68
"60","193XXX","Apelido71","Aberto","Atrasado","Ação Popular","2019-11-15",0,4,0.1,6,16,27,1,6,13,1,2,3,10,2,5,10,6,5,9,3,15,4,4,4,1,9,8,114,57,5,0.1,8,20,1,4,18,4,69
"61","194XXX","Apelido72","Aberto","Atrasado","Ação Popular","2019-11-26",1,1,0.1,2,13,28,1,3,20,4,5,7,17,5,1,7,4,3,5,9,11,1,4,3,3,3,9,105,58,0.1,4,9,13,5,9,10,1,66
"62","195XXX","Apelido73","Aberto","Atrasado","Ação Popular","2019-12-29",4,2,5,4,14,30,2,2,16,2,5,3,11,0.1,3,9,9,4,7,4,9,0.1,7,8,3,10,5,87,61,1,2,5,20,4,4,10,4,52
"63","196XXX","Apelido74","Aberto","Atrasado","Ação Popular","2019-02-16",2,1,5,5,10,39,3,2,12,2,2,9,16,4,3,10,5,0.1,5,3,13,1,3,5,3,10,5,108,65,4,0.1,10,16,5,9,20,5,58
"64","197XXX","Apelido75","Aberto","Atrasado","Ação Popular","2019-12-11",5,4,0.1,7,17,32,3,5,17,3,5,7,12,1,2,6,5,5,6,4,11,2,7,8,0.1,9,4,93,62,1,0.1,6,15,0.1,9,12,3,52
"65","198XXX","Apelido76","Aberto","Atrasado","Ação Popular","2019-01-14",2,3,3,7,13,36,2,5,19,1,3,5,19,5,2,5,4,2,9,5,11,1,5,3,0.1,4,9,110,68,4,5,8,11,4,5,12,2,56
"66","199XXX","Apelido77","Aberto","Atrasado","Ação Popular","2019-05-13",2,3,3,3,18,37,1,5,14,4,3,8,12,3,2,6,6,3,3,8,9,4,5,8,4,6,6,109,58,2,4,3,16,5,7,17,5,52
"67","200XXX","Apelido78","Aberto","Atrasado","Ação Popular","2019-04-21",4,3,0.1,2,15,32,1,5,11,5,4,10,11,3,3,9,6,0.1,7,3,13,1,5,4,5,7,7,115,56,3,1,10,18,3,3,16,1,52
"68","201XXX","Apelido79","Aberto","Atrasado","Ação Popular","2020-01-21",0,2,1,5,16,38,3,4,12,2,5,9,13,5,4,3,10,5,4,5,9,5,7,3,4,7,8,108,65,3,5,4,15,3,8,15,1,52
"69","202XXX","Apelido80","Aberto","Atrasado","Ação Popular","2020-02-02",5,3,5,2,15,27,1,5,20,2,3,5,14,5,5,9,5,4,10,9,12,2,3,9,1,8,8,91,56,2,5,3,16,4,4,20,4,67
"70","203XXX","Apelido81","Aberto","Atrasado","Ação Popular","2019-03-25",1,3,4,5,18,29,0.1,6,15,2,4,6,17,2,0.1,8,4,3,6,3,9,4,6,6,2,3,5,104,70,4,4,4,11,2,3,18,4,52
"71","204XXX","Apelido82","Aberto","Atrasado","Ação Popular","2019-11-26",3,3,0.1,6,13,37,3,4,13,2,2,9,13,3,3,9,9,4,6,9,10,0.1,9,9,2,6,4,106,58,0.1,1,6,14,1,6,14,0.1,62
"72","205XXX","Apelido83","Aberto","Atrasado","Ação Popular","2019-03-26",1,1,2,6,14,27,2,3,20,5,1,6,11,3,4,9,6,5,4,4,10,0.1,3,3,2,7,10,103,68,5,0.1,3,10,2,10,12,1,52
"73","206XXX","Apelido84","Aberto","Atrasado","Ação Popular","2019-10-02",4,5,5,4,14,35,1,7,13,4,4,6,10,1,3,8,7,4,4,4,12,5,7,3,0.1,6,7,96,63,5,0.1,4,11,3,6,10,0.1,65
"74","207XXX","Apelido85","Aberto","Atrasado","Ação Popular","2019-04-15",4,4,1,3,13,32,2,2,20,1,5,8,19,3,2,7,4,0.1,9,3,8,2,9,8,4,6,10,89,67,4,3,3,16,3,9,13,5,63
"75","208XXX","Apelido86","Aberto","Atrasado","Ação Popular","2020-01-02",3,5,5,6,11,39,0.1,5,19,5,5,9,10,4,2,10,10,4,3,6,9,5,9,3,4,7,10,95,57,4,1,6,20,2,3,15,1,52
"76","209XXX","Apelido87","Aberto","Atrasado","Ação Popular","2020-02-10",1,4,0.1,2,14,26,1,3,15,1,4,8,20,1,5,3,3,0.1,5,7,13,2,9,6,2,7,7,106,70,2,0.1,8,11,0.1,4,12,1,61
"77","210XXX","Apelido88","Aberto","Atrasado","Ação Popular","2020-04-22",2,1,5,5,20,27,0.1,3,14,4,2,7,15,2,3,10,10,1,9,4,9,5,5,7,0.1,9,10,88,57,4,5,7,16,0.1,10,18,5,65
"78","211XXX","Apelido89","Aberto","Atrasado","Ação Popular","2019-03-15",1,4,1,4,19,39,31,0,0,0,0,0,0,0,0,0,0,0,0,0,0,0,0,0,0,0,0,0,0,0,0,0,0,0,0,0,0,0
"79","212XXX","Apelido90","Aberto","Atrasado","Ação Popular","2020-03-06",5,3,1,4,11,25,4,6,11,4,3,3,14,0.1,2,4,10,5,7,6,11,0.1,6,4,1,6,7,93,56,2,5,6,17,4,9,14,4,60
"80","213XXX","Apelido91","Aberto","Atrasado","Ação Popular","2019-07-23",3,5,5,4,10,25,3,5,11,3,5,3,20,4,3,4,6,1,4,9,15,3,9,7,0.1,9,9,97,69,2,2,4,10,2,3,12,3,55
"81","214XXX","Apelido92","Aberto","Atrasado","Ação Popular","2019-05-26",1,0.1,3,3,20,33,4,3,11,1,2,4,15,5,1,6,8,4,8,9,9,5,3,8,2,9,7,82,61,0.1,5,5,11,0.1,3,14,1,52
"82","215XXX","Apelido93","Aberto","Atrasado","Ação Popular","2019-06-12",3,5,0.1,3,15,34,3,3,12,5,5,4,13,5,1,4,7,0.1,3,5,15,4,5,6,1,4,4,98,58,5,2,5,18,5,7,11,1,52
"83","216XXX","Apelido94","Aberto","Atrasado","Ação Popular","2019-09-25",3,5,4,5,17,25,1,3,15,3,2,8,12,2,5,6,3,4,8,10,8,1,6,4,0.1,9,8,112,67,0.1,4,5,20,1,7,17,0.1,60
"84","217XXX","Apelido95","Aberto","Atrasado","Ação Popular","2020-02-12",1,3,5,2,14,32,4,7,17,3,4,7,15,2,3,3,3,0.1,9,4,9,2,5,4,5,10,7,88,58,2,4,3,20,3,9,20,1,52
"85","218XXX","Apelido96","Aberto","Atrasado","Ação Popular","2020-01-10",5,1,3,3,13,34,4,4,10,1,1,4,16,5,0.1,3,7,3,10,10,10,5,7,3,0.1,8,4,110,56,2,3,3,20,3,10,16,0.1,70
"86","219XXX","Apelido97","Aberto","Atrasado","Ação Popular","2019-01-30",2,2,4,7,13,34,0.1,6,18,5,5,8,11,0.1,4,9,6,5,6,10,9,2,7,4,5,9,9,114,56,2,5,8,10,5,9,19,4,57
"87","220XXX","Apelido98","Aberto","Atrasado","Ação Popular","2019-04-07",1,4,4,3,12,26,4,7,12,4,4,4,15,2,2,6,9,2,8,7,10,1,8,6,3,8,4,113,56,0.1,2,8,20,4,9,16,5,52
"88","221XXX","Apelido99","Aberto","Atrasado","Ação Popular","2019-11-13",4,2,4,3,19,30,2,6,11,4,3,3,18,1,4,6,3,2,6,3,13,4,7,10,5,8,10,86,63,1,5,8,15,3,8,20,5,52
"89","222XXX","Apelido100","Aberto","Atrasado","Ação Popular","2019-05-21",2,3,5,4,18,29,3,6,14,4,1,9,16,0.1,0.1,10,6,0.1,5,3,15,1,8,9,0.1,7,8,116,69,5,3,4,15,1,7,17,0.1,52
"90","223XXX","Apelido101","Encerrado","Ok","Ação Popular","2019-11-24",1,4,1,5,15,38,5,6,10,1,4,10,12,1,2,5,5,5,10,8,12,3,9,8,1,6,5,116,55,0.1,5,6,14,1,9,18,1,22
"91","224XXX","Apelido102","Encerrado","Ok","Ação Popular","2019-08-12",0,0.1,2,2,12,29,2,3,19,1,5,10,17,4,5,3,8,2,8,7,14,0.1,10,7,2,5,6,113,58,5,0.1,3,17,1,4,13,0.1,22
"92","225XXX","Apelido103","Encerrado","Ok","Ação Popular","2020-02-01",0,4,5,2,11,37,5,3,10,4,4,8,19,3,0.1,7,4,2,10,8,14,5,9,10,4,4,6,92,64,4,3,10,14,0.1,7,15,2,22
"93","226XXX","Apelido104","Encerrado","Atrasado","Ação Popular","2019-11-19",0,2,2,2,15,34,3,5,13,1,4,6,16,5,5,3,8,1,8,6,14,5,4,6,1,5,4,106,70,1,2,5,17,5,8,13,4,39
"94","227XXX","Apelido105","Encerrado","Atrasado","Ação Popular","2020-04-06",0,2,4,4,14,36,3,5,12,2,2,4,11,5,2,10,7,3,4,7,11,4,3,10,3,10,9,84,62,3,4,5,15,2,8,20,1,40
"95","228XXX","Apelido106","Encerrado","Ok","Ação Popular","2020-01-23",5,1,2,4,10,38,0.1,3,17,1,5,3,14,0.1,4,6,9,0.1,3,4,9,2,6,10,1,7,8,87,64,0.1,3,3,11,5,6,11,1,22
"96","229XXX","Apelido107","Encerrado","Ok","Ação Popular","2020-02-13",1,1,5,7,18,26,1,7,10,1,4,3,15,2,4,9,6,3,9,10,14,4,9,7,1,7,8,115,59,3,4,10,11,2,5,17,4,22
"97","230XXX","Apelido108","Encerrado","Atrasado","Ação Popular","2019-12-10",5,4,3,3,20,27,3,6,10,2,2,7,15,5,5,8,10,4,10,8,11,2,9,10,0.1,9,8,85,64,1,5,4,20,2,6,13,4,33
"98","231XXX","Apelido109","Encerrado","Ok","Ação Popular","2019-05-20",3,1,0.1,2,13,25,5,4,19,4,4,10,12,4,1,7,8,0.1,3,10,9,1,4,4,0.1,4,5,98,59,1,1,8,16,0.1,3,15,1,22
"99","232XXX","Apelido110","Encerrado","Ok","Ação Popular","2019-03-13",5,3,5,5,16,26,3,2,11,1,2,10,17,4,5,9,6,2,3,7,12,0.1,4,3,3,5,9,84,66,1,1,7,11,5,10,13,1,22
"100","233XXX","Apelido111","Encerrado","Ok","Ação Popular","2019-01-27",3,0.1,4,7,11,28,0.1,5,13,2,2,7,13,2,3,4,5,2,9,4,10,5,3,10,1,9,6,105,63,5,5,10,10,1,7,20,1,22
"101","234XXX","Apelido112","Encerrado","Atrasado","Ação Popular","2019-07-09",4,5,2,4,10,39,1,7,19,2,3,3,10,0.1,3,4,3,5,6,6,9,1,3,6,5,9,10,98,57,2,0.1,6,15,4,5,11,1,37
"102","235XXX","Apelido113","Encerrado","Atrasado","Ação Popular","2020-01-27",1,5,1,5,18,34,3,3,18,2,4,7,16,2,3,7,10,2,8,7,8,5,3,7,3,6,7,94,58,1,5,7,14,4,4,16,0.1,34
"103","236XXX","Apelido114","Encerrado","Alerta","Ação Popular","2020-02-25",1,0.1,3,3,18,32,3,6,20,2,1,7,10,5,3,8,7,2,7,5,14,1,7,9,3,6,4,97,58,5,0.1,5,20,5,4,19,3,30
"104","237XXX","Apelido115","Encerrado","Ok","Ação Popular","2020-02-07",3,2,4,6,16,29,1,2,17,3,3,8,18,5,1,5,8,4,7,7,8,1,10,9,4,3,5,82,55,2,0.1,7,17,5,10,20,2,23
"105","238XXX","Apelido116","Encerrado","Ok","Ação Popular","2019-11-29",2,4,3,5,11,39,4,6,15,1,1,6,19,4,0.1,7,10,5,6,8,11,0.1,4,3,1,10,5,111,61,4,5,6,15,2,5,14,3,22
"106","239XXX","Apelido117","Encerrado","Atrasado","Ação Popular","2020-03-05",4,2,4,7,15,39,4,3,19,3,1,10,12,5,1,5,8,3,10,5,15,5,6,7,2,4,3,89,61,5,3,3,18,4,8,11,2,31
"107","240XXX","Apelido118","Encerrado","Atrasado","Ação Popular","2020-03-10",0,4,3,4,15,25,4,6,19,3,4,10,10,2,1,7,8,0.1,6,3,8,4,7,9,0.1,3,7,87,67,1,0.1,9,16,1,4,20,2,37
"108","241XXX","Apelido119","Encerrado","Atrasado","Ação Popular","2019-01-01",0,0.1,1,3,14,39,3,4,14,1,5,6,13,4,1,5,3,5,10,7,14,2,6,3,2,10,3,100,59,2,1,4,17,5,4,14,3,39
"109","242XXX","Apelido120","Encerrado","Atrasado","Ação Popular","2019-07-20",0,4,0.1,2,17,27,3,7,14,2,2,7,12,0.1,4,9,10,5,3,4,13,5,8,6,4,4,4,108,62,0.1,0.1,7,16,2,10,15,0.1,32
"110","243XXX","Apelido121","Aberto","Atrasado","Ação Civil Coletiva","2019-04-27",0,1,5,2,17,30,0.1,4,11,4,5,7,13,1,3,3,10,2,7,10,10,3,8,9,4,10,5,113,62,5,3,9,11,5,10,13,0.1,52
"111","244XXX","Apelido122","Aberto","Atrasado","Ação Civil Coletiva","2019-05-18",3,4,3,6,16,25,2,7,19,3,4,9,10,5,5,9,6,5,8,6,12,1,10,4,3,4,5,88,62,1,2,10,19,2,3,18,2,52
"112","245XXX","Apelido123","Aberto","Atrasado","Ação Civil Coletiva","2019-05-22",4,4,1,6,19,35,2,5,10,5,1,7,12,1,0.1,5,9,1,9,8,13,2,10,8,1,10,9,82,69,4,2,7,17,3,9,20,4,70
"113","246XXX","Apelido124","Aberto","Atrasado","Ação Civil Coletiva","2020-04-26",4,3,5,7,11,27,3,5,12,5,1,5,19,2,0.1,7,10,4,5,10,11,2,9,5,0.1,9,8,86,56,5,0.1,6,10,4,5,20,4,67
"114","247XXX","Apelido125","Aberto","Atrasado","Ação Civil Coletiva","2019-05-12",3,4,1,3,12,29,3,3,10,4,2,6,10,0.1,0.1,8,9,0.1,5,9,12,1,10,7,1,10,7,96,65,5,2,5,20,4,7,10,1,63
"115","248XXX","Apelido126","Aberto","Atrasado","Ação Civil Coletiva","2019-04-11",5,5,4,3,18,40,4,3,10,3,3,9,14,1,0.1,4,6,3,4,5,13,4,4,8,5,3,5,93,57,3,5,10,11,2,6,12,4,55
"116","249XXX","Apelido127","Aberto","Atrasado","Ação Civil Coletiva","2019-12-02",2,3,1,2,18,34,4,6,14,5,3,7,11,0.1,4,9,8,3,6,5,12,2,5,3,5,7,9,93,64,0.1,3,4,19,3,4,20,1,67
"117","250XXX","Apelido128","Aberto","Atrasado","Ação Civil Coletiva","2019-05-19",5,4,2,5,16,33,1,6,13,5,4,7,13,2,0.1,9,9,2,9,3,14,3,4,3,5,3,7,106,55,4,5,9,10,1,9,17,3,52
"118","251XXX","Apelido129","Aberto","Atrasado","Ação Civil Coletiva","2019-08-16",4,3,4,6,16,40,2,7,10,3,2,4,13,5,4,5,7,1,9,9,9,3,7,4,5,10,5,103,60,1,0.1,10,17,4,8,10,5,52
"119","252XXX","Apelido130","Aberto","Atrasado","Ação Civil Coletiva","2019-01-26",4,3,1,3,13,36,1,4,20,1,2,9,11,1,1,4,9,5,9,9,9,2,8,5,0.1,6,6,87,60,4,5,3,14,1,7,13,1,59
"120","253XXX","Apelido131","Aberto","Atrasado","Ação Civil Coletiva","2019-02-06",2,0.1,0.1,5,15,34,0.1,2,12,3,3,10,18,3,5,7,8,2,10,6,12,2,3,5,4,6,8,112,66,1,4,5,15,3,6,14,2,61
"121","254XXX","Apelido132","Aberto","Atrasado","Ação Civil Coletiva","2019-04-25",1,5,4,3,18,33,0.1,6,15,3,5,4,15,2,5,10,5,5,7,10,10,3,5,9,0.1,10,3,93,63,5,3,6,13,4,9,15,4,52
"122","255XXX","Apelido133","Aberto","Atrasado","Ação Civil Coletiva","2019-06-28",0,0.1,2,3,19,28,2,3,12,2,4,3,17,5,3,3,7,3,7,8,8,0.1,6,5,5,9,3,105,70,2,3,8,18,5,7,16,0.1,68
"123","256XXX","Apelido134","Aberto","Atrasado","Ação Civil Coletiva","2019-05-01",2,1,2,4,16,25,2,6,17,4,2,7,16,3,1,4,3,1,3,8,13,3,5,10,2,8,10,91,70,5,0.1,3,14,5,10,10,1,63
"124","257XXX","Apelido135","Aberto","Atrasado","Ação Civil Coletiva","2020-04-14",0,2,5,4,19,39,4,6,17,4,4,10,14,2,1,9,5,3,4,6,9,2,5,8,0.1,3,5,116,70,4,2,6,18,0.1,10,19,5,52
"125","258XXX","Apelido136","Aberto","Atrasado","Ação Civil Coletiva","2019-01-29",2,3,0.1,7,14,31,5,4,13,3,2,8,13,0.1,2,7,3,3,5,10,8,5,6,7,3,6,5,86,67,3,1,5,12,1,5,19,1,52
"126","259XXX","Apelido137","Aberto","Atrasado","Ação Civil Coletiva","2019-09-30",3,4,4,4,14,26,3,5,20,4,5,7,10,0.1,1,8,9,4,5,5,8,4,4,10,1,3,7,100,56,3,3,5,18,4,6,12,5,66
"127","260XXX","Apelido138","Aberto","Atrasado","Ação Civil Coletiva","2019-05-01",0,4,5,7,10,29,3,4,12,2,4,9,12,4,2,3,4,3,5,3,9,3,9,10,3,5,7,105,60,5,2,4,19,2,6,10,3,68
"128","261XXX","Apelido139","Aberto","Atrasado","Ação Civil Coletiva","2019-02-04",4,1,5,6,11,31,4,6,14,3,5,4,17,1,1,9,4,4,8,4,10,0.1,7,6,1,10,5,114,61,3,1,5,18,3,10,14,5,59
"129","262XXX","Apelido140","Aberto","Atrasado","Ação Civil Coletiva","2019-01-10",0,1,0.1,2,12,36,2,7,18,4,3,5,10,2,0.1,8,7,2,3,4,14,2,5,3,2,10,7,84,64,5,1,6,10,0.1,6,20,4,70
"130","263XXX","Apelido141","Aberto","Atrasado","Ação Civil Coletiva","2019-02-17",2,3,5,7,14,30,0.1,7,14,3,4,4,11,1,0.1,8,8,4,4,4,15,3,6,9,5,5,5,106,60,4,2,6,17,2,9,11,5,65
"131","264XXX","Apelido142","Aberto","Atrasado","Ação Civil Coletiva","2020-04-14",3,0.1,5,3,12,32,1,7,17,5,2,10,16,0.1,4,6,3,0.1,7,7,8,1,7,3,0.1,6,5,108,70,2,0.1,6,12,1,6,16,1,52
"132","265XXX","Apelido143","Aberto","Atrasado","Ação Civil Coletiva","2020-03-16",0,0.1,3,5,10,33,0.1,6,19,2,1,10,11,1,5,5,9,1,9,8,8,2,8,4,1,3,10,111,61,5,5,6,16,0.1,5,18,3,52
"133","266XXX","Apelido144","Aberto","Atrasado","Ação Civil Coletiva","2019-02-19",2,2,5,7,13,40,5,4,10,4,4,5,13,0.1,0.1,3,3,0.1,8,7,8,1,5,6,2,5,9,97,59,2,3,3,16,4,7,17,5,58
"134","267XXX","Apelido145","Aberto","Atrasado","Ação Civil Coletiva","2019-10-02",3,5,3,4,15,32,2,7,20,5,4,5,17,3,4,7,3,1,3,7,15,1,7,8,3,10,7,106,65,4,2,8,19,4,6,18,1,64
"135","268XXX","Apelido146","Aberto","Atrasado","Ação Civil Coletiva","2019-04-30",5,3,2,4,15,30,2,6,15,1,3,10,18,2,0.1,3,9,0.1,10,6,11,4,7,8,5,5,8,92,55,1,3,4,15,4,10,10,1,66
"136","269XXX","Apelido147","Aberto","Atrasado","Ação Civil Coletiva","2019-05-31",4,0.1,1,5,19,36,5,3,11,5,2,6,16,3,4,9,8,3,9,5,8,3,3,6,4,7,6,95,70,4,1,4,12,5,7,17,1,67
"137","270XXX","Apelido148","Aberto","Atrasado","Ação Civil Coletiva","2019-07-12",1,2,5,2,20,27,35,0,0,0,0,0,0,0,0,0,0,0,0,0,0,0,0,0,0,0,0,0,0,0,0,0,0,0,0,0,0,0
"138","271XXX","Apelido149","Aberto","Atrasado","Ação Civil Coletiva","2019-01-15",5,1,3,4,10,34,5,7,17,2,3,5,16,0.1,4,7,10,2,3,8,8,5,3,6,5,3,7,87,69,4,5,10,14,1,3,18,3,52
"139","272XXX","Apelido150","Aberto","Atrasado","Ação Civil Coletiva","2020-04-20",1,3,5,4,11,32,2,4,18,5,3,3,17,3,4,9,3,2,6,7,14,0.1,9,7,1,9,5,116,55,4,5,8,10,4,6,19,3,52
"140","273XXX","Apelido151","Aberto","Atrasado","Ação Civil Coletiva","2019-06-01",2,4,1,7,14,36,3,6,14,4,2,8,17,3,4,8,10,4,9,7,15,0.1,6,8,5,9,5,101,60,5,3,7,15,5,10,16,5,70
"141","274XXX","Apelido152","Aberto","Atrasado","Ação Civil Coletiva","2019-08-11",2,4,2,2,11,39,4,4,10,5,4,3,17,4,2,10,3,0.1,6,8,14,5,10,7,1,4,6,116,67,5,2,3,11,1,4,19,1,55
"142","275XXX","Apelido153","Aberto","Atrasado","Ação Civil Coletiva","2020-01-01",1,4,5,4,14,33,5,3,14,2,5,8,16,1,2,10,10,4,5,3,13,0.1,7,4,2,7,10,99,67,0.1,5,9,16,0.1,9,19,3,65
"143","276XXX","Apelido154","Aberto","Atrasado","Ação Civil Coletiva","2019-08-28",0,4,0.1,4,10,37,0.1,5,18,5,2,10,11,3,1,8,7,3,9,4,12,2,4,9,4,10,5,116,68,5,4,3,11,5,8,19,1,52
"144","277XXX","Apelido155","Aberto","Atrasado","Ação Civil Coletiva","2020-02-01",0,3,3,7,19,37,1,5,16,5,1,4,17,0.1,0.1,3,7,5,4,10,8,3,3,7,5,9,10,100,65,2,3,3,18,5,9,20,0.1,52
"145","278XXX","Apelido156","Aberto","Atrasado","Ação Civil Coletiva","2019-11-24",5,2,5,4,10,32,0.1,6,18,5,4,5,19,5,5,4,5,4,7,6,13,0.1,5,10,0.1,8,3,95,57,0.1,5,7,15,0.1,8,15,2,65
"146","279XXX","Apelido157","Aberto","Atrasado","Ação Civil Coletiva","2019-10-03",1,0.1,1,7,14,29,5,5,16,4,1,7,20,1,3,4,4,2,5,4,11,0.1,5,9,0.1,4,6,103,69,2,0.1,5,14,0.1,5,14,5,64
"147","280XXX","Apelido158","Aberto","Atrasado","Ação Civil Coletiva","2019-10-17",0,5,3,5,16,36,0.1,7,12,2,2,6,18,2,5,4,6,4,7,3,9,3,10,10,0.1,4,6,104,68,0.1,2,8,12,2,4,14,0.1,52
"148","281XXX","Apelido159","Aberto","Atrasado","Ação Civil Coletiva","2019-04-02",4,4,0.1,5,20,34,2,2,19,3,3,10,11,5,2,8,10,3,3,4,8,1,10,4,5,4,8,105,64,1,5,9,19,4,10,19,3,52
"149","282XXX","Apelido160","Aberto","Atrasado","Ação Civil Coletiva","2019-09-03",5,2,3,6,19,39,2,4,11,4,4,6,18,3,0.1,10,9,2,9,9,11,1,6,7,2,5,7,100,65,4,3,5,15,5,10,11,5,56
"150","283XXX","Apelido161","Encerrado","Alerta","Ação Civil Coletiva","2019-03-31",5,5,3,6,15,27,4,4,16,4,5,6,11,1,5,8,5,2,9,8,13,4,6,7,1,8,3,112,59,1,4,5,20,2,9,19,1,26
"151","284XXX","Apelido162","Encerrado","Alerta","Ação Civil Coletiva","2019-11-10",4,5,0.1,4,18,36,1,7,14,1,1,9,10,2,1,5,9,0.1,6,8,13,4,5,7,5,5,3,100,60,4,0.1,3,15,5,6,19,2,25
"152","285XXX","Apelido163","Encerrado","Atrasado","Ação Civil Coletiva","2019-09-02",4,0.1,3,2,18,36,2,3,16,5,2,7,17,5,3,10,6,4,3,3,14,1,5,8,2,3,4,115,59,2,2,5,16,0.1,10,19,3,32
"153","286XXX","Apelido164","Encerrado","Ok","Ação Civil Coletiva","2019-06-05",2,3,5,5,10,35,3,2,10,1,3,9,19,3,1,9,3,1,8,4,10,2,6,4,2,6,5,105,59,0.1,0.1,9,14,2,5,20,1,22
"154","287XXX","Apelido165","Encerrado","Ok","Ação Civil Coletiva","2019-11-14",4,5,0.1,4,19,25,2,5,17,3,1,10,10,1,4,10,3,2,9,8,10,2,5,3,2,10,9,115,64,1,4,9,16,5,5,19,5,22
"155","288XXX","Apelido166","Encerrado","Ok","Ação Civil Coletiva","2019-04-30",5,5,5,4,15,33,5,3,18,4,5,8,14,5,4,10,6,4,4,3,8,3,5,10,3,5,9,115,68,0.1,2,8,14,0.1,9,20,4,22
"156","289XXX","Apelido167","Encerrado","Atrasado","Ação Civil Coletiva","2020-04-05",0,5,4,5,10,27,1,6,15,4,4,9,15,5,3,6,8,2,9,10,13,5,8,4,0.1,4,9,91,68,5,2,10,16,0.1,7,12,4,32
"157","290XXX","Apelido168","Encerrado","Alerta","Ação Civil Coletiva","2019-04-09",3,1,3,2,11,35,2,5,17,5,3,9,13,5,1,3,9,2,6,9,14,0.1,4,4,3,8,3,84,55,1,3,6,16,3,10,11,5,28
"158","291XXX","Apelido169","Encerrado","Atrasado","Ação Civil Coletiva","2020-04-14",1,0.1,0.1,7,15,29,0.1,7,19,3,2,5,17,4,2,9,10,0.1,6,7,14,5,4,9,4,4,4,91,66,0.1,3,8,20,1,9,13,1,39
"159","292XXX","Apelido170","Encerrado","Atrasado","Ação Civil Coletiva","2019-10-05",1,3,5,5,19,33,1,7,14,2,5,10,11,2,2,10,10,4,7,3,14,0.1,6,3,4,5,9,106,60,1,2,3,19,0.1,10,18,2,33
"160","293XXX","Apelido171","Encerrado","Ok","Ação Civil Coletiva","2019-04-13",2,5,1,3,10,35,2,5,19,5,5,6,17,0.1,2,7,6,3,6,4,12,2,8,5,1,6,6,84,60,0.1,1,7,10,0.1,8,16,1,22
"161","294XXX","Apelido172","Encerrado","Ok","Ação Civil Coletiva","2019-05-04",4,3,2,7,11,36,3,3,11,1,4,5,14,5,0.1,9,4,0.1,5,6,11,1,4,3,4,8,5,86,66,2,0.1,9,20,0.1,9,19,0.1,22
"162","295XXX","Apelido173","Encerrado","Atrasado","Ação Civil Coletiva","2019-04-26",4,3,5,5,15,32,1,7,20,1,3,4,13,2,1,4,6,0.1,7,7,15,1,10,9,5,8,9,113,57,0.1,0.1,4,20,3,5,16,5,39
"163","296XXX","Apelido174","Encerrado","Atrasado","Ação Civil Coletiva","2019-03-10",5,1,2,2,20,28,1,3,18,2,1,9,20,5,5,5,6,5,8,5,9,0.1,4,8,3,5,3,114,69,5,1,10,11,1,10,20,4,35
"164","297XXX","Apelido175","Encerrado","Alerta","Ação Civil Coletiva","2019-09-21",4,1,2,5,14,31,2,5,18,3,5,10,11,2,1,7,10,3,3,7,12,4,10,6,0.1,9,10,116,57,0.1,4,8,20,5,8,15,1,28
"165","298XXX","Apelido176","Encerrado","Atrasado","Ação Civil Coletiva","2019-01-01",1,1,5,2,10,38,3,0,0,0,0,0,0,0,0,0,0,0,0,0,0,0,0,0,0,0,0,0,0,0,0,0,0,0,0,0,0,0
"166","299XXX","Apelido177","Encerrado","Ok","Ação Civil Coletiva","2019-11-05",3,3,3,7,20,28,5,4,18,2,5,10,11,2,2,6,5,4,6,7,10,3,6,8,3,5,4,115,57,4,0.1,10,10,0.1,4,15,4,22
"167","300XXX","Apelido178","Encerrado","Ok","Ação Civil Coletiva","2019-11-28",5,1,4,4,15,39,1,6,17,1,5,3,15,3,5,5,8,1,7,9,8,4,5,6,3,3,4,89,61,0.1,1,4,11,5,5,12,3,22
"168","301XXX","Apelido179","Encerrado","Alerta","Ação Civil Coletiva","2019-09-18",4,4,2,4,19,40,3,6,15,5,2,4,18,1,4,5,8,5,6,5,14,0.1,10,3,0.1,5,3,90,65,0.1,0.1,6,20,1,10,11,5,25
"169","302XXX","Apelido180","Encerrado","Ok","Ação Civil Coletiva","2019-10-04",2,3,2,6,13,27,3,2,12,5,2,4,17,0.1,5,7,9,3,8,7,10,5,3,9,4,5,3,88,59,5,4,6,12,5,3,20,0.1,22
"170","teste","teste","Aberto","Atrasado","Ação Civil Coletiva","2020-03-15",11,0,0,0,0,0,0,0,0,0,0,0,0,0,0,0,0,0,0,0,0,0,0,0,0,0,0,0,0,0,0,0,0,0,0,0,0,0
"171","ola","ola","Aberto","Em análise","Ação Civil Coletiva","2020-03-15",6,0,0,0,0,0,0,0,0,0,0,0,0,0,0,0,0,0,0,0,0,0,0,0,0,0,0,0,0,0,0,0,0,0,0,0,0,0
"173","125XXX","Apelido3","Aberto","Atrasado","Busca e Apreensão","2020-02-16",0,5,3,2,12,34,4,0,0,0,0,0,0,0,0,0,0,0,0,0,0,0,0,0,0,0,0,0,0,0,0,0,0,0,0,0,0,0
